
INSERT INTO regiones(id, nombre) VALUES (1, 'Arica');
INSERT INTO regiones(id, nombre) VALUES (2, 'Iquique');
INSERT INTO regiones(id, nombre) VALUES (3, 'Antofagasta');
INSERT INTO regiones(id, nombre) VALUES (4, 'Coquimbo');
INSERT INTO regiones(id, nombre) VALUES (5, 'Valparaiso');
INSERT INTO regiones(id, nombre) VALUES (6, 'Ohiggins');
INSERT INTO regiones(id, nombre) VALUES (7, 'Maule');
INSERT INTO regiones(id, nombre) VALUES (8, 'Bio-Bio');
INSERT INTO regiones(id, nombre) VALUES (9, 'Araucania');
INSERT INTO regiones(id, nombre) VALUES (10, 'Los Rios');
INSERT INTO regiones(id, nombre) VALUES (11, 'Los Lagos');
INSERT INTO regiones(id, nombre) VALUES (12, 'Magallanes');
INSERT INTO regiones(id, nombre) VALUES (13, 'Region Metropolitana');

INSERT INTO cliente(region_id, apellido, create_at, email, nombre) VALUES (1, 'Hidalgo', '2022-05-07', 'h.hidalgo1990@gmail.com',' Hector');
INSERT INTO cliente(region_id, apellido, create_at, email, nombre) VALUES (1, 'Espinoza', '1954-08-03', 'erika@gmail.com',' Erika');
INSERT INTO cliente(region_id, apellido, create_at, email, nombre) VALUES (1, 'Hidalgo', '1993-05-15', 'kathy@gmail.com',' Katherine');
INSERT INTO cliente(region_id, apellido, create_at, email, nombre) VALUES (1, 'Carloza', '2011-07-13', 'kata@gmail.com',' Katalina');
INSERT INTO cliente(region_id, apellido, create_at, email, nombre) VALUES (1, 'Silva', '2015-07-19', 'emy@gmail.com',' Emilia');
INSERT INTO cliente(region_id, apellido, create_at, email, nombre) VALUES (1, 'HidalgoEspinoza', '2021-01-27', 'suky@gmail.com',' Suky Andrea');

INSERT INTO cliente(region_id, apellido, create_at, email, nombre) VALUES (2, 'Hidalgo', '2022-05-07', 'h.hidalgo1990@gmail.com',' Hector');
INSERT INTO cliente(region_id, apellido, create_at, email, nombre) VALUES (3, 'Espinoza', '1954-08-03', 'erika@gmail.com',' Erika');
INSERT INTO cliente(region_id, apellido, create_at, email, nombre) VALUES (2, 'Hidalgo', '1993-05-15', 'kathy@gmail.com',' Katherine');
INSERT INTO cliente(region_id, apellido, create_at, email, nombre) VALUES (4, 'Carloza', '2011-07-13', 'kata@gmail.com',' Katalina');
INSERT INTO cliente(region_id, apellido, create_at, email, nombre) VALUES (5, 'Silva', '2015-07-19', 'emy@gmail.com',' Emilia');
INSERT INTO cliente(region_id, apellido, create_at, email, nombre) VALUES (10, 'HidalgoEspinoza', '2021-01-27', 'suky@gmail.com',' Suky Andrea');

INSERT INTO cliente(region_id, apellido, create_at, email, nombre) VALUES (11, 'Hidalgo', '2022-05-07', 'h.hidalgo1990@gmail.com',' Hector');
INSERT INTO cliente(region_id, apellido, create_at, email, nombre) VALUES (11, 'Espinoza', '1954-08-03', 'erika@gmail.com',' Erika');
INSERT INTO cliente(region_id, apellido, create_at, email, nombre) VALUES (11, 'Hidalgo', '1993-05-15', 'kathy@gmail.com',' Katherine');
INSERT INTO cliente(region_id, apellido, create_at, email, nombre) VALUES (13, 'Carloza', '2011-07-13', 'kata@gmail.com',' Katalina');
INSERT INTO cliente(region_id, apellido, create_at, email, nombre) VALUES (12, 'Silva', '2015-07-19', 'emy@gmail.com',' Emilia');
INSERT INTO cliente(region_id, apellido, create_at, email, nombre) VALUES (8, 'HidalgoEspinoza', '2021-01-27', 'suky@gmail.com',' Suky Andrea');

INSERT INTO cliente(region_id, apellido, create_at, email, nombre) VALUES (8, 'Hidalgo', '2022-05-07', 'h.hidalgo1990@gmail.com',' Hector');
INSERT INTO cliente(region_id, apellido, create_at, email, nombre) VALUES (7, 'Espinoza', '1954-08-03', 'erika@gmail.com',' Erika');
INSERT INTO cliente(region_id, apellido, create_at, email, nombre) VALUES (7, 'Hidalgo', '1993-05-15', 'kathy@gmail.com',' Katherine');
INSERT INTO cliente(region_id, apellido, create_at, email, nombre) VALUES (7, 'Carloza', '2011-07-13', 'kata@gmail.com',' Katalina');
INSERT INTO cliente(region_id, apellido, create_at, email, nombre) VALUES (7, 'Silva', '2015-07-19', 'emy@gmail.com',' Emilia');
INSERT INTO cliente(region_id, apellido, create_at, email, nombre) VALUES (6, 'HidalgoEspinoza', '2021-01-27', 'suky@gmail.com',' Suky Andrea');

INSERT INTO cliente(region_id, apellido, create_at, email, nombre) VALUES (6, 'Hidalgo', '2022-05-07', 'h.hidalgo1990@gmail.com',' Hector');
INSERT INTO cliente(region_id, apellido, create_at, email, nombre) VALUES (5, 'Espinoza', '1954-08-03', 'erika@gmail.com',' Erika');
INSERT INTO cliente(region_id, apellido, create_at, email, nombre) VALUES (5, 'Hidalgo', '1993-05-15', 'kathy@gmail.com',' Katherine');
INSERT INTO cliente(region_id, apellido, create_at, email, nombre) VALUES (5, 'Carloza', '2011-07-13', 'kata@gmail.com',' Katalina');
INSERT INTO cliente(region_id, apellido, create_at, email, nombre) VALUES (5, 'Silva', '2015-07-19', 'emy@gmail.com',' Emilia');
INSERT INTO cliente(region_id, apellido, create_at, email, nombre) VALUES (4, 'HidalgoEspinoza', '2021-01-27', 'suky@gmail.com',' Suky Andrea');

INSERT INTO cliente(region_id, apellido, create_at, email, nombre) VALUES (4, 'Hidalgo', '2022-05-07', 'h.hidalgo1990@gmail.com',' Hector');
INSERT INTO cliente(region_id, apellido, create_at, email, nombre) VALUES (4, 'Espinoza', '1954-08-03', 'erika@gmail.com',' Erika');
INSERT INTO cliente(region_id, apellido, create_at, email, nombre) VALUES (9, 'Hidalgo', '1993-05-15', 'kathy@gmail.com',' Katherine');
INSERT INTO cliente(region_id, apellido, create_at, email, nombre) VALUES (9, 'Carloza', '2011-07-13', 'kata@gmail.com',' Katalina');
INSERT INTO cliente(region_id, apellido, create_at, email, nombre) VALUES (9, 'Silva', '2015-07-19', 'emy@gmail.com',' Emilia');
INSERT INTO cliente(region_id, apellido, create_at, email, nombre) VALUES (9, 'HidalgoEspinoza', '2021-01-27', 'suky@gmail.com',' Suky Andrea');

INSERT INTO cliente(region_id, apellido, create_at, email, nombre) VALUES (12, 'Hidalgo', '2022-05-07', 'h.hidalgo1990@gmail.com',' Hector');
INSERT INTO cliente(region_id, apellido, create_at, email, nombre) VALUES (10, 'Espinoza', '1954-08-03', 'erika@gmail.com',' Erika');
INSERT INTO cliente(region_id, apellido, create_at, email, nombre) VALUES (12, 'Hidalgo', '1993-05-15', 'kathy@gmail.com',' Katherine');
INSERT INTO cliente(region_id, apellido, create_at, email, nombre) VALUES (13, 'Carloza', '2011-07-13', 'kata@gmail.com',' Katalina');
INSERT INTO cliente(region_id, apellido, create_at, email, nombre) VALUES (1, 'Silva', '2015-07-19', 'emy@gmail.com',' Emilia');
INSERT INTO cliente(region_id, apellido, create_at, email, nombre) VALUES (1, 'HidalgoEspinoza', '2021-01-27', 'suky@gmail.com',' Suky Andrea');

INSERT INTO cliente(region_id, apellido, create_at, email, nombre) VALUES (1, 'Hidalgo', '2022-05-07', 'h.hidalgo1990@gmail.com',' Hector');
INSERT INTO cliente(region_id, apellido, create_at, email, nombre) VALUES (1, 'Espinoza', '1954-08-03', 'erika@gmail.com',' Erika');
INSERT INTO cliente(region_id, apellido, create_at, email, nombre) VALUES (1, 'Hidalgo', '1993-05-15', 'kathy@gmail.com',' Katherine');
INSERT INTO cliente(region_id, apellido, create_at, email, nombre) VALUES (1, 'Carloza', '2011-07-13', 'kata@gmail.com',' Katalina');
INSERT INTO cliente(region_id, apellido, create_at, email, nombre) VALUES (1, 'Silva', '2015-07-19', 'emy@gmail.com',' Emilia');
INSERT INTO cliente(region_id, apellido, create_at, email, nombre) VALUES (1, 'HidalgoEspinoza', '2021-01-27', 'suky@gmail.com',' Suky Andrea');

INSERT INTO cliente(region_id, apellido, create_at, email, nombre) VALUES (1, 'Hidalgo', '2022-05-07', 'h.hidalgo1990@gmail.com',' Hector');
INSERT INTO cliente(region_id, apellido, create_at, email, nombre) VALUES (1, 'Espinoza', '1954-08-03', 'erika@gmail.com',' Erika');
INSERT INTO cliente(region_id, apellido, create_at, email, nombre) VALUES (1, 'Hidalgo', '1993-05-15', 'kathy@gmail.com',' Katherine');
INSERT INTO cliente(region_id, apellido, create_at, email, nombre) VALUES (1, 'Carloza', '2011-07-13', 'kata@gmail.com',' Katalina');
INSERT INTO cliente(region_id, apellido, create_at, email, nombre) VALUES (1, 'Silva', '2015-07-19', 'emy@gmail.com',' Emilia');
INSERT INTO cliente(region_id, apellido, create_at, email, nombre) VALUES (1, 'HidalgoEspinoza', '2021-01-27', 'suky@gmail.com',' Suky Andrea');

INSERT INTO cliente(region_id, apellido, create_at, email, nombre) VALUES (1, 'Hidalgo', '2022-05-07', 'h.hidalgo1990@gmail.com',' Hector');
INSERT INTO cliente(region_id, apellido, create_at, email, nombre) VALUES (1, 'Espinoza', '1954-08-03', 'erika@gmail.com',' Erika');
INSERT INTO cliente(region_id, apellido, create_at, email, nombre) VALUES (1, 'Hidalgo', '1993-05-15', 'kathy@gmail.com',' Katherine');
INSERT INTO cliente(region_id, apellido, create_at, email, nombre) VALUES (1, 'Carloza', '2011-07-13', 'kata@gmail.com',' Katalina');
INSERT INTO cliente(region_id, apellido, create_at, email, nombre) VALUES (1, 'Silva', '2015-07-19', 'emy@gmail.com',' Emilia');
INSERT INTO cliente(region_id, apellido, create_at, email, nombre) VALUES (1, 'HidalgoEspinoza', '2021-01-27', 'suky@gmail.com',' Suky Andrea');


INSERT INTO usuarios (username, password, enabled, nombre, apellido, email) VALUES ('andres','$2a$10$/40Ib5w.kwK9.biUbN/tzuB0TiW/gMWjUZ1XU5ckc8gLcBAgFvJMW', 1, 'Hector', 'Hidalgo', 'hhhhh@hotmail.es');
INSERT INTO usuarios (username, password, enabled, nombre, apellido, email) VALUES ('admin','$2a$10$7pEACU3DsIggRYJVBp8SxOIakps4uhHTnqwumEBAfOkVl7PfNljuq', 1, 'Andres', 'Espinoza', 'zzzzzz@hotmail.es');

INSERT INTO roles (nombre) VALUES ('ROLE_USER');
INSERT INTO roles (nombre) VALUES ('ROLE_ADMIN');

INSERT INTO usuarios_roles (usuario_id, role_id) VALUES (1, 1);
INSERT INTO usuarios_roles (usuario_id, role_id) VALUES (2, 2);
INSERT INTO usuarios_roles (usuario_id, role_id) VALUES (2, 1);

/* Populate tabla productos */
INSERT INTO productos (nombre, precio, create_at) VALUES ('Cama nube L azul', 59990, NOW());
INSERT INTO productos (nombre, precio, create_at) VALUES ('Cama nube L beige', 59990, NOW());
INSERT INTO productos (nombre, precio, create_at) VALUES ('Cama nube XL azul', 64990, NOW());
INSERT INTO productos (nombre, precio, create_at) VALUES ('Cama nube XL gris', 64990, NOW());

/* Populate tabla facturas */
/* Factura 1 */
INSERT INTO facturas (descripcion, observacion, cliente_id, create_at) VALUES ('Factura Entregamor', null, 1, NOW());

INSERT INTO facturas_items (cantidad, factura_id, producto_id) VALUES (1, 1, 1);
INSERT INTO facturas_items (cantidad, factura_id, producto_id) VALUES (2, 1, 3);
INSERT INTO facturas_items (cantidad, factura_id, producto_id) VALUES (2, 1, 2);
INSERT INTO facturas_items (cantidad, factura_id, producto_id) VALUES (1, 1, 4);

/* Factura 2 */
INSERT INTO facturas (descripcion, observacion, cliente_id, create_at) VALUES ('Factura 2 camas', 'Observacion de prueba', 1, NOW());

INSERT INTO facturas_items (cantidad, factura_id, producto_id) VALUES (3, 2, 4);